Match,Winner Odds,Home Odds,Draw Odds,Away Odds,Winner,Winner Ratio,Real Ratio,Diff,Draw Ratio,Winner,Model Correct,Goals Odds,IsOver,Over Correct,Over Ratio
Manchester City VS. Leicester City,0.5576,0.1792,0.2632,0.5576,H,1.793400287,1.3,-0.493400287,4.3,H,1,0.636898721,1,1,1.57010835
Bournemouth VS. Burnley,0.5524,0.1892,0.2584,0.5524,H,1.810282404,2.05,0.239717596,3.05,A,0,0.507223528,0,1,1.971517377
Aston Villa VS. Southampton,0.5264,0.2172,0.2564,0.5264,H,1.899696049,2.15,0.250303951,2.6,A,0,0.506000979,1,1,1.976280761
Brighton & Hove Albion VS. Sheffield United,0.5248,0.1272,0.5248,0.348,D,1.905487805,2.85,0.944512195,2.85,A,0,0.503024444,0,1,1.987974962
Newcastle United VS. Crystal Palace,0.514,0.2664,0.2196,0.514,H,1.945525292,2.3,0.354474708,2.7,H,1,0.505726423,0,1,1.977353673
Tottenham Hotspur VS. Chelsea,0.5096,0.2888,0.2016,0.5096,H,1.962323391,2.15,0.187676609,3.25,A,0,0.59386423,1,0,1.683886567
Everton VS. Arsenal,0.4684,0.2036,0.328,0.4684,H,2.134927412,2.2,0.065072588,3.25,D,0,0.519380485,1,0,1.925370761
Watford VS. Manchester United,0.4592,0.4592,0.2732,0.2676,A,2.177700348,1.65,-0.527700348,3.3,H,0,0.54600889,1,0,1.83147201
Norwich City VS. Wolverhampton Wanderers,0.3976,0.3308,0.3976,0.2716,D,2.515090543,3.3,0.784909457,3.3,A,0,0.516617703,1,1,1.935667311
