Match,Winner Odds,Winner,Winner Ratio,Real Ratio,Diff,Winner,Model Correct,Goals Odds,IsOver,Over Correct,Over Ratio
West Ham United VS. Huddersfield Town,0.6776,H,1.47579693,1.45,-0.02579693,,,0.520088054,0,,1.922751334
Fulham VS. Liverpool,0.6236,A,1.603592046,1.15,-0.453592046,,,0.554208541,1,,1.804374936
Everton VS. Chelsea,0.4824,A,2.072968491,1.75,-0.322968491,,,0.546177475,1,,1.830906704
Bournemouth VS. Newcastle United,0.4156,H,2.406159769,1.9,-0.506159769,,,0.500797037,0,,1.996816926
Burnley VS. Leicester City,0.4076,A,2.453385672,2.15,-0.303385672,,,0.516563093,1,,1.935871946
