Match,Winner Odds,Winner,Winner Ratio,Real Ratio,Diff,Correct,Model Correct,Goals Odds,IsOver,Over Correct,Over Ratio
Burnley VS. Tottenham Hotspur,0.7092,A,1.410039481,1.55,0.139960519,H,0,0.529771759,1,1,1.887605337
West Ham United VS. Fulham,0.6152,H,1.625487646,1.6,-0.025487646,H,1,0.505302421,1,1,1.979012881
Arsenal VS. Southampton,0.4808,H,2.079866889,1.35,-0.729866889,H,1,0.50024786,1,0,1.999009051
Newcastle United VS. Huddersfield Town,0.4544,H,2.200704225,1.55,-0.650704225,H,1,0.543432967,0,1,1.84015336
Cardiff City VS. Watford,0.448,H,2.232142857,2.65,0.417857143,A,0,0.50813654,1,1,1.967974985
Bournemouth VS. Wolverhampton wanderers,0.414,A,2.415458937,2.3,-0.115458937,D,0,0.514759326,1,0,1.942655432
Manchester United VS. Liverpool,0.412,D,2.427184466,2.85,0.422815534,D,1,0.54486683,1,0,1.835310841
Leicester City VS. Crystal Palace,0.3872,H,2.582644628,1.95,-0.632644628,A,0,0.506758414,1,1,1.973326881
